Workbook

Sheet Work Plan
E1: Design Due Dates
B2: Workstream | C2: Owner | D2: NH upfront clarifcation needed? | E2: PRD (sent to NH for review) | F2: NH Sign Off | G2: VIGO: UI/UX Design | H2: Internal: UI/UX Design | I2: SA (Technical Solution Design) | J2: All Design Activities Due Date | K2: Epics | L2: Original Estimate | M2: Updated Estimate | N2: Priority | O2: Allocated Team | P2: Team Days (current 25SP/d) | Q2: Team Days (Uplifted 30SP/d) | R2: 46024 | S2: =R2+1 -> 46025 | T2: =S2+1 -> 46026 | U2: =T2+1 -> 46027 | V2: =U2+1 -> 46028 | W2: =V2+1 -> 46029 | X2: =W2+1 -> 46030 | Y2: =X2+1 -> 46031 | Z2: =Y2+1 -> 46032 | ... CL2: =CK2+1 -> 46096 | CM2: Total
B3: Estimate Build – Carbon (incl. EPD) | C3: Venkatesh & Funsho | E3: 46015 | J3: =I3 | K3: VER10-8954, VER10-9428, VER10-9464, VER10-9527, VER10-9523 | L3: 575 | M3: =SUM(M4:M11) -> 495 | O3: 2 x Teams | P3: =SUM(M3:N3) / Capacity!$B$2 -> 70.714286 | Q3: =SUM(M3:N3)/(Capacity!$B$3*2) -> 30.9375 | CM3: =SUM(R3:BI3) -> 0
B4: Carbon Resource Library | C4: Venkatesh & Funsho | E4: 46015 | F4: 46031 | M4: 55 | N4: 1 | O4: Team 1 | P4: =SUM(M4:N4) / Capacity!$B$2 -> 8 | Q4: =SUM(M4:N4)/Capacity!$B$3 -> 7 | Y4: X | AB4: X | AC4: X | AD4: X | AE4: X | AF4: X | AI4: X | AJ4: F | CM4: =COUNTIF(R4:CL4,"X") -> 7
B5: Carbon Item Library | C5: Venkatesh & Funsho | E5: 46015 | F5: 46031 | M5: 85 | N5: 2 | O5: Team 4 | P5: =SUM(M5:N5) / Capacity!$B$2 -> 12.428571 | Q5: =SUM(M5:N5)/Capacity!$B$3 -> 10.875 | Y5: X | AB5: X | AC5: X | AD5: X | AE5: X | AF5: X | AI5: X | AJ5: X | AK5: X | AL5: X | AM5: X | AP5: UnLk | CM5: =COUNTIF(R5:CL5,"X") -> 11
B6: WBS Carbon & Calc | C6: Venkatesh & Funsho | E6: 46015 | F6: 46031 | M6: 75 | N6: 4 | O6: Team 4 | P6: =SUM(M6:N6) / Capacity!$B$2 -> 11.285714 | Q6: =SUM(M6:N6)/Capacity!$B$3 -> 9.875 | AP6: X | AQ6: X | AR6: X | AS6: X | AT6: X | AW6: X | AX6: X | AY6: X | AZ6: X | BA6: X | BD6: UnLk | CM6: =COUNTIF(R6:CL6,"X") -> 10
B7: Baseline Assumption | C7: Venkatesh & Funsho | E7: 46015 | F7: 46031 | M7: 40 | N7: 3 | O7: Team 1 | P7: =SUM(M7:N7) / Capacity!$B$2 -> 6.1428571 | Q7: =SUM(M7:N7)/Capacity!$B$3 -> 5.375 | AK7: X | AL7: X | AM7: X | AP7: X | AQ7: X | AR7: F | CM7: =COUNTIF(R7:CL7,"X") -> 5
B8: EPD | C8: Venkatesh & Funsho | E8: 46015 | F8: 46031 | M8: 75 | N8: 5 | O8: Team 1 | P8: =SUM(M8:N8) / Capacity!$B$2 -> 11.428571 | Q8: =SUM(M8:N8)/Capacity!$B$3 -> 10 | AS8: X | AT8: X | AW8: X | AX8: X | AY8: X | AZ8: X | BA8: X | BD8: X | BE8: X | BF8: X | BG8: F | CM8: =COUNTIF(R8:CL8,"X") -> 10
B9: Cost to Carbon Library | C9: Venkatesh & Funsho | E9: 46015 | F9: 46031 | M9: 85 | N9: 7 | O9: Team 1 | P9: =SUM(M9:N9) / Capacity!$B$2 -> 13.142857 | Q9: =SUM(M9:N9)/Capacity!$B$3 -> 11.5 | BH9: X | BK9: X | BL9: X | BM9: X | BN9: X | BO9: X | BR9: X | BS9: X | BT9: X | BU9: X | BV9: X | BY9: X | BZ9: F | CM9: =COUNTIF(R9:CL9,"X") -> 12
B10: Auto-Allocate | C10: Venkatesh & Funsho | E10: 46015 | F10: 46031 | M10: 40 | N10: 6 | O10: Team 4 | P10: =SUM(M10:N10) / Capacity!$B$2 -> 6.5714286 | Q10: =SUM(M10:N10)/Capacity!$B$3 -> 5.75 | BE10: X | BF10: X | BG10: X | BH10: X | BK10: X | BL10: X | BM10: F | CM10: =COUNTIF(R10:CL10,"X") -> 6
B11: Carbon Reports | C11: Venkatesh & Funsho | E11: ? | F11: 46031 | M11: 40 | O11: Team 3 | P11: =SUM(M11:N11) / Capacity!$B$2 -> 5.7142857 | Q11: =SUM(M11:N11)/Capacity!$B$3 -> 5 | BR11: X | BS11: X | BT11: X | BU11: X | BV11: X | BY11: F | CM11: =COUNTIF(R11:CL11,"X") -> 5
B12: Interim Forecasting Tool (incl EPD) | C12: Venkatesh | E12: 46031 | F12: 46035 | G12: 46043 | H12: N/A | I12: =G12+7 -> 46050 | J12: =I12 -> 46050 | K12: VER10-8678, VER10-8680, VER10-8682, VER10-8858,, VER10-8679, VER10-8921, VER10-9049,, VER10-9128, | L12: 177 | M12: 200 | N12: 1 | O12: Team 4 | P12: =SUM(M12:N12) / Capacity!$B$2 -> 28.714286 | Q12: =SUM(M12:N12)/Capacity!$B$3 -> 25.125 | R12: X | U12: X | V12: X | W12: X | X12: X | BE12: X | BF12: X | BG12: X | BH12: X | BI12: X | BK12: X | BL12: X | BM12: X | BN12: X | BO12: X | BR12: X | BS12: X | BT12: X | BU12: X | BV12: X | BY12: X | BZ12: X | CA12: X | CB12: X | CC12: F | CM12: =COUNTIF(R12:CL12,"X") -> 24
B13: Long-Term Appraisal | C13: Funsho | E13: Fri 12 Dec 2025 (Done on time) | F13: 46008 | G13: 46037 | H13: N/A | I13: =G13+7 -> 46044 | J13: =I13 -> 46044 | K13: VER10-8565 | L13: 260 | M13: 180 | N13: 4 | O13: Team 2 | P13: =SUM(M13:N13) / Capacity!$B$2 -> 26.285714 | Q13: =SUM(M13:N13)/(Capacity!$B$3*2) -> 11.5 | BH13: X | BK13: X | BL13: X | BM13: X | BN13: X | BO13: X | BR13: X | BS13: X | BT13: X | BU13: X | BV13: X | BY13: X | BZ13: F | CM13: =COUNTIF(R13:CL13,"X") -> 12
B14: Comparator | C14: Funsho | D14: Y | E14: 19/12/2025 (Done on time) | F14: 46015 | G14: 46037 | H14: N/A | I14: =G14+7 -> 46044 | J14: =I14 -> 46044 | K14: VER10-8953 | L14: 120 | M14: 120 | N14: 4 | O14: Team 5 | P14: =SUM(M14:N14) / Capacity!$B$2 -> 17.714286 | Q14: =SUM(M14:N14)/Capacity!$B$3 -> 15.5 | BD14: X | BE14: X | BF14: X | BG14: X | BH14: X | BK14: X | BL14: X | BM14: X | BN14: X | BO14: X | BR14: X | BS14: X | BT14: X | BU14: X | BV14: X | BY14: X | BZ14: F | CM14: =COUNTIF(R14:CL14,"X") -> 16
B15: Workflow | C15: Funsho | D15: Y | E15: Wed 17 Dec 2025 (1 day delay) | F15: 46010 | G15: N/A | H15: 46031 | I15: =H15+7 -> 46038 | J15: =I15 -> 46038 | K15: VER10-9028 | L15: 35 | M15: 35 | N15: 5 | O15: Team 3 | P15: =SUM(M15:N15) / Capacity!$B$2 -> 5.7142857 | Q15: =SUM(M15:N15)/Capacity!$B$3 -> 5 | U15: X | V15: X | W15: X | X15: X | Y15: X | AB15: F | CM15: =COUNTIF(R15:CL15,"X") -> 5
B16: Tasks | C16: Funsho | E16: Wed 17 Dec 2025 (1 day delay) | F16: 46010 | G16: N/A | H16: 46031 | I16: =H16+7 -> 46038 | J16: =I16 -> 46038 | K16: VER10-9027 | L16: 40 | M16: 0 | O16: N/A | P16: =SUM(M16:N16) / Capacity!$B$2 -> 0 | Q16: =SUM(M16:N16)/Capacity!$B$3 -> 0 | CM16: =COUNTIF(R16:CL16,"X") -> 0
B17: Portfolio/Programme Risk | C17: Funsho | E17: Fri 12 Dec 2025 (Done on time) | F17: 46008 | G17: 46044 | H17: N/A | I17: =G17+7 -> 46051 | J17: =I17 -> 46051 | K17: VER10-9494 | L17: 80 | M17: 60 | N17: 5 | O17: Team 3 | P17: =SUM(M17:N17) / Capacity!$B$2 -> 9.2857143 | Q17: =SUM(M17:N17)/Capacity!$B$3 -> 8.125 | BD17: X | BE17: X | BF17: X | BG17: X | BH17: X | BK17: X | BL17: X | BM17: X | BN17: F | CM17: =COUNTIF(R17:CL17,"X") -> 8
P18: =SUM(M18:N18) / Capacity!$B$2 -> 0 | Q18: =SUM(M18:N18)/Capacity!$B$3 -> 0 | CM18: =COUNTIF(R18:CL18,"X") -> 0
B19: Calculators/Cost Models (Chapter 10) | C19: Minas | E19: Thu 18 Dec 2025 (Done on time) | F19: 46015 | G19: N/A | H19: 46031 | I19: =H19+7 -> 46038 | J19: =I19 -> 46038 | K19: No Epic | L19: 20 | M19: 20 | N19: 6 | O19: Team 5 | P19: =SUM(M19:N19) / Capacity!$B$2 -> 3.7142857 | Q19: =SUM(M19:N19)/Capacity!$B$3 -> 3.25 | U19: X | V19: X | W19: X | CM19: =COUNTIF(R19:CL19,"X") -> 3
B20: Scenario Analysis (Chapter 7) | C20: Venkatesh? (TBC) | E20: Fri, 13 Feb 2026 | F20: Fri, 20 Feb 2026 | G20: 46051 | H20: N/A | I20: =G20+7 -> 46058 | J20: =I20 -> 46058 | K20: VER10-8958 | L20: 140 | M20: 100 | N20: 5 | O20: Team 5 | P20: =SUM(M20:N20) / Capacity!$B$2 -> 15 | Q20: =SUM(M20:N20)/Capacity!$B$3 -> 13.125 | AP20: X | AQ20: X | AR20: X | AS20: X | AT20: X | AW20: X | AX20: X | AY20: X | AZ20: X | BA20: X | BE20: X | BF20: X | BG20: X | CM20: =COUNTIF(R20:CL20,"X") -> 13
B21: Star Rates | C21: Minas? (TBC) | E21: 46045 | F21: 46052 | G21: N/A | H21: 46059 | I21: =H21+7 -> 46066 | J21: =I21 -> 46066 | K21: No Epic | L21: 90 | M21: 60 | O21: Team 2 | P21: =SUM(M21:N21) / Capacity!$B$2 -> 8.5714286 | Q21: =SUM(M21:N21)/Capacity!$B$3 -> 7.5 | AB21: X | AC21: X | AD21: X | AE21: X | AF21: X | AI21: X | AJ21: X | AK21: X | AL21: F | CM21: =COUNTIF(R21:CL21,"X") -> 8
B22: TPE | C22: Venkatesh | E22: 46045 | F22: 46050 | G22: 46059 | H22: N/A | I22: =G22+7 -> 46066 | J22: =I22 -> 46066 | K22: VER10-9184 | L22: 350 | M22: 215 | N22: 4 | O22: Team 4 | P22: =SUM(M22:N22) / Capacity!$B$2 -> 31.285714 | Q22: =SUM(M22:N22)/Capacity!$B$3 -> 27.375 | CM22: =COUNTIF(R22:CL22,"X") -> 0
B23: Dashboards (Power BI) | C23: Minas | E23: Fri, 16 Jan 2026 (Original 24/12/2025) | F23: Wed, 21 Jan 2026 (Original 31/12/2025) | G23: 46051 | H23: N/A | I23: =G23+7 -> 46058 | J23: =I23 -> 46058 | K23: No Epic | L23: 40 | M23: 40 | N23: 2 | O23: Dashboard Team | P23: =SUM(M23:N23) / Capacity!$B$2 -> 6 | Q23: =SUM(M23:N23)/Capacity!$B$3 -> 5.25 | BD23: X | BE23: X | BF23: X | BG23: X | BH23: X | BK23: X | BL23: F | CM23: =COUNTIF(R23:CL23,"X") -> 6
B24: Contractor Fee Library | C24: Minas | E24: 46031 | F24: 46036 | G24: N/A | H24: 46038 | I24: =H24+7 -> 46045 | J24: =I24 -> 46045 | K24: VER10-9271 | L24: 90 | M24: 80 | N24: 3 | O24: Team 2 | P24: =SUM(M24:N24) / Capacity!$B$2 -> 11.857143 | Q24: =SUM(M24:N24)/Capacity!$B$3 -> 10.375 | AL24: X | AM24: X | AP24: X | AQ24: X | AR24: X | AS24: X | AT24: X | AW24: X | AX24: X | AY24: X | AZ24: F | CM24: =COUNTIF(R24:CL24,"X") -> 10
B25: System Access | C25: Minas | E25: 46038 | F25: N/A | G25: N/A | H25: 46038 | I25: =H25+7 -> 46045 | J25: =I25 -> 46045 | K25: No Epic | L25: 40 | M25: 40 | N25: 3 | O25: Team 5 | P25: =SUM(M25:N25) / Capacity!$B$2 -> 6.1428571 | Q25: =SUM(M25:N25)/Capacity!$B$3 -> 5.375 | CM25: =COUNTIF(R25:CL25,"X") -> 0
B26: Audit Log | C26: Minas | E26: 46052 | F26: 46059 | G26: N/A | H26: 46066 | I26: ? | K26: VER10-8955 | L26: 10 | M26: 11 | O26: Team 5 | P26: =SUM(M26:N26) / Capacity!$B$2 -> 1.5714286 | Q26: =SUM(M26:N26)/Capacity!$B$3 -> 1.375 | CM26: =COUNTIF(R26:CL26,"X") -> 0
B27: WBS Tags and Custom Fields | C27: Funsho | E27: Done | F27: Done | G27: Done | H27: Done | I27: Done | J27: Done | K27: VER10-8916, VER10-8268 | L27: Need Estimate | M27: Need Estimate | O27: Team 3 | P27: =SUM(M27:N27) / Capacity!$B$2 -> 0 | Q27: =SUM(M27:N27)/Capacity!$B$3 -> 0 | CM27: =COUNTIF(R27:CL27,"X") -> 0
B28: Reporting Foundation Admin | C28: Funsho | E28: Done | F28: Done | G28: Done | H28: Done | I28: Done | J28: Done | K28: VER10-8476 | L28: 19 | M28: 19 | O28: Team 3 | P28: =SUM(M28:N28) / Capacity!$B$2 -> 2.7142857 | Q28: =SUM(M28:N28)/Capacity!$B$3 -> 2.375 | AB28: X | AC28: X | AD28: F | CM28: =COUNTIF(R28:CL28,"X") -> 2
B29: Inflation | C29: Funsho | E29: Done | F29: Done | G29: Done | H29: Done | I29: Done | J29: Done | K29: VER10-8903, VER10-8570 | L29: 41 | M29: 41 | O29: Team 2 | P29: =SUM(M29:N29) / Capacity!$B$2 -> 5.8571429 | Q29: =SUM(M29:N29)/Capacity!$B$3 -> 5.125 | AZ29: X | BA29: X | BD29: X | BE29: X | BF29: X | BG29: X | BH29: F | CM29: =COUNTIF(R29:CL29,"X") -> 6
P30: =SUM(M30:N30) / Capacity!$B$2 -> 0 | Q30: =SUM(M30:N30)/Capacity!$B$3 -> 0 | CM30: =COUNTIF(R30:CL30,"X") -> 0
B31: AR and O&M fixed reports | E31: Done | F31: Done | G31: Done | H31: Done | I31: Done | J31: Done | K31: VER10-7878, VER10-7879 | L31: 47 | M31: 47 | O31: Team 3 | P31: =SUM(M31:N31) / Capacity!$B$2 -> 6.7142857 | Q31: =SUM(M31:N31)/Capacity!$B$3 -> 5.875 | AP31: X | AQ31: X | AR31: X | AS31: X | AT31: X | AW31: X | AX31: F | CM31: =COUNTIF(R31:CL31,"X") -> 6
B32: CCESS | E32: Done | F32: Done | G32: Done | H32: Done | I32: Done | J32: Done | K32: VER10-6966 | L32: 5 | M32: 5 | O32: Team 3 | P32: =SUM(M32:N32) / Capacity!$B$2 -> 0.71428571 | Q32: =SUM(M32:N32)/Capacity!$B$3 -> 0.625 | AX32: X | AY32: F | CM32: =COUNTIF(R32:CL32,"X") -> 1
L33: =SUM(L3:L32) -> 2179 | M33: =SUM(M4:M32) -> 1768 | N33: =SUM(M3:N32) -> 2333 | P33: =SUM(P3:P32) -> 333.28571 | Q33: =SUM(Q3:Q32) -> 249.1875 | R33: =COUNTIF(R3:R32, "X") -> 1 | S33: =COUNTIF(S3:S32, "X") -> 0 | T33: =COUNTIF(T3:T32, "X") -> 0 | U33: =COUNTIF(U3:U32, "X") -> 3 | V33: =COUNTIF(V3:V32, "X") -> 3 | W33: =COUNTIF(W3:W32, "X") -> 3 | X33: =COUNTIF(X3:X32, "X") -> 2 | Y33: =COUNTIF(Y3:Y32, "X") -> 3 | ... CL33: =COUNTIF(CL3:CL32, "X") -> 0 | CM33: =SUM(CM4:CM32) -> 186

Sheet Work Plan V2
E1: Design Due Dates
B2: Workstream | C2: Owner | D2: NH upfront clarifcation needed? | E2: PRD (sent to NH for review) | F2: NH Sign Off | G2: VIGO: UI/UX Design | H2: Internal: UI/UX Design | I2: SA (Technical Solution Design) | J2: All Design Activities Due Date | K2: Epics | L2: Original Estimate | M2: Updated Estimate | N2: Priority | O2: Allocated Team | P2: Team Work Days (7 SP pd) | Q2: Team Work Days (8 SP pd) | R2: 46024 | S2: =R2+1 -> 46025 | T2: =S2+1 -> 46026 | U2: =T2+1 -> 46027 | V2: =U2+1 -> 46028 | W2: =V2+1 -> 46029 | X2: =W2+1 -> 46030 | Y2: =X2+1 -> 46031 | Z2: =Y2+1 -> 46032 | ... CK2: =CJ2+1 -> 46095 | CL2: =CJ2+1 -> 46095 | CM2: =CL2+1 -> 46096 | CN2: =CM2+1 -> 46097 | CO2: =CN2+1 -> 46098 | CP2: =CO2+1 -> 46099 | CQ2: =CP2+1 -> 46100 | CR2: =CQ2+1 -> 46101 | CS2: =CQ2+1 -> 46101 | CT2: =CS2+1 -> 46102 | CU2: =CT2+1 -> 46103 | CV2: =CU2+1 -> 46104 | CW2: =CV2+1 -> 46105 | CX2: =CW2+1 -> 46106 | CY2: =CX2+1 -> 46107 | CZ2: =CX2+1 -> 46107 | DA2: =CZ2+1 -> 46108 | DB2: =DA2+1 -> 46109 | DC2: =DB2+1 -> 46110 | DD2: =DC2+1 -> 46111 | DE2: =DD2+1 -> 46112 | DF2: Total
B3: Carbon Resource Library | C3: Venkatesh & Funsho | E3: 46015 | F3: 46029 | G3: =F3+2 -> 46031 | H3: N/A | I3: =G3+7 -> 46038 | J3: =I3 -> 46038 | L3: 575 | M3: 55 | N3: 1 | O3: Team 1 | P3: =SUM(M3:N3) / Capacity!$B$2 -> 8 | Q3: =SUM(M3:N3)/Capacity!$B$3 -> 7 | AF3: X | AI3: X | AJ3: X | AK3: X | AL3: X | AM3: X | AP3: X | AQ3: F | DF3: =COUNTIF(R3:DE3,"X") -> 7
B4: Carbon Item Library | C4: Venkatesh & Funsho | E4: 46015 | F4: 46029 | G4: =F4+2 -> 46031 | H4: N/A | I4: =G4+7 -> 46038 | J4: =I4 -> 46038 | M4: 85 | N4: 2 | O4: Team 4 | P4: =SUM(M4:N4) / Capacity!$B$2 -> 12.428571 | Q4: =SUM(M4:N4)/Capacity!$B$3 -> 10.875 | AF4: X | AI4: X | AJ4: X | AK4: X | AL4: X | AM4: X | AP4: X | AQ4: X | AR4: X | AS4: X | AT4: X | AW4: UnLk | DF4: =COUNTIF(R4:DE4,"X") -> 11
B5: WBS Carbon & Calc | C5: Venkatesh & Funsho | E5: 46015 | F5: 46031 | G5: =F5+7 -> 46038 | H5: N/A | I5: =G5+7 -> 46045 | J5: =I5 -> 46045 | M5: 75 | N5: 4 | O5: Team 4 | P5: =SUM(M5:N5) / Capacity!$B$2 -> 11.285714 | Q5: =SUM(M5:N5)/Capacity!$B$3 -> 9.875 | AW5: X | AX5: X | AY5: X | AZ5: X | BA5: X | BD5: X | BE5: X | BF5: X | BG5: X | BH5: X | BK5: UnLk | DF5: =COUNTIF(R5:DE5,"X") -> 10
B6: Baseline Assumption | C6: Venkatesh & Funsho | E6: 46015 | F6: 46031 | G6: =F6+7 -> 46038 | H6: N/A | I6: =G6+5 -> 46043 | J6: =I6 -> 46043 | M6: 40 | N6: 3 | O6: Team 1 | P6: =SUM(M6:N6) / Capacity!$B$2 -> 6.1428571 | Q6: =SUM(M6:N6)/Capacity!$B$3 -> 5.375 | AQ6: X | AR6: X | AS6: X | AT6: X | AW6: X | AX6: F | DF6: =COUNTIF(R6:DE6,"X") -> 5
B7: EPD | C7: Venkatesh & Funsho | E7: 46015 | F7: 46031 | G7: =F7+14 -> 46045 | H7: N/A | I7: =G7+6 -> 46051 | J7: =I7 -> 46051 | M7: 75 | N7: 5 | O7: Team 1 | P7: =SUM(M7:N7) / Capacity!$B$2 -> 11.428571 | Q7: =SUM(M7:N7)/Capacity!$B$3 -> 10 | AX7: X | AY7: X | AZ7: X | BA7: X | BD7: X | BE7: X | BF7: X | BG7: X | BH7: X | BK7: X | BL7: F | DF7: =COUNTIF(R7:DE7,"X") -> 10
B8: Cost to Carbon Library | C8: Venkatesh & Funsho | E8: 46015 | F8: 46038 | G8: =F8+7 -> 46045 | H8: N/A | I8: =G8+7 -> 46052 | J8: =I8 -> 46052 | M8: 85 | N8: 7 | O8: Team 1 | P8: =SUM(M8:N8) / Capacity!$B$2 -> 13.142857 | Q8: =SUM(M8:N8)/Capacity!$B$3 -> 11.5 | BM8: X | BN8: X | BO8: X | BR8: X | BS8: X | BT8: X | BU8: X | BV8: X | BY8: X | BZ8: X | CA8: X | CB8: X | CC8: F | DF8: =COUNTIF(R8:DE8,"X") -> 12
B9: Auto-Allocate | C9: Venkatesh & Funsho | E9: 46015 | F9: 46038 | G9: =F9+7 -> 46045 | H9: N/A | I9: =G9+7 -> 46052 | J9: =I9 -> 46052 | M9: 40 | N9: 6 | O9: Team 4 | P9: =SUM(M9:N9) / Capacity!$B$2 -> 6.5714286 | Q9: =SUM(M9:N9)/Capacity!$B$3 -> 5.75 | BK9: X | BL9: X | BM9: X | BN9: X | BO9: X | BR9: X | BS9: F | DF9: =COUNTIF(R9:DE9,"X") -> 6
B10: Carbon Reports | C10: Venkatesh & Funsho | E10: 46055 | F10: =E10+7 -> 46062 | G10: =F10+7 -> 46069 | H10: N/A | I10: =G10+7 -> 46076 | J10: =I10 -> 46076 | M10: 40 | O10: Team 3 | P10: =SUM(M10:N10) / Capacity!$B$2 -> 5.7142857 | Q10: =SUM(M10:N10)/Capacity!$B$3 -> 5 | BR10: X | BS10: X | BT10: X | BU10: X | BV10: X | BY10: F | DF10: =COUNTIF(R10:DE10,"X") -> 5
B11: Interim Forecasting Tool (incl EPD) | C11: Venkatesh | E11: 46031 | F11: 46035 | G11: =F11+7 -> 46042 | H11: N/A | I11: =G11+7 -> 46049 | J11: =I11 -> 46049 | K11: VER10-8678, VER10-8680, VER10-8682, VER10-8858,, VER10-8679, VER10-8921, VER10-9049,, VER10-9128, | L11: 177 | M11: 200 | N11: 1 | O11: Team 4 | P11: =SUM(M11:N11) / Capacity!$B$2 -> 28.714286 | Q11: =SUM(M11:N11)/Capacity!$B$3 -> 25.125 | BS11: X | BT11: X | BU11: X | BV11: X | BY11: X | BZ11: X | CA11: X | CB11: X | CC11: X | CF11: X | CG11: X | CH11: X | CI11: X | CJ11: X | CM11: X | CN11: X | CO11: X | CP11: X | CQ11: X | CT11: X | CU11: X | CV11: X | CW11: X | CX11: X | DA11: X | DB11: F | DF11: =COUNTIF(R11:DE11,"X") -> 25
B12: Long-Term Appraisal | C12: Funsho | E12: Fri 12 Dec 2025 | F12: 46045 | G12: =F12+7 -> 46052 | H12: N/A | I12: =G12+7 -> 46059 | J12: =I12 -> 46059 | K12: VER10-8565 | L12: 260 | M12: 180 | N12: 4 | O12: Team 2 | P12: =SUM(M12:N12) / Capacity!$B$2 -> 26.285714 | Q12: =SUM(M12:N12)/(Capacity!$B$3*2) -> 11.5 | BH12: X | BK12: X | BL12: X | BM12: X | BN12: X | BO12: X | BR12: X | BS12: X | BT12: X | BU12: X | BV12: X | BY12: X | BZ12: F | DF12: =COUNTIF(R12:DE12,"X") -> 12
B13: Comparator | C13: Funsho | D13: Y | E13: Fri 12 Dec 2025 | F13: 46041 | G13: =F13+7 -> 46048 | H13: N/A | I13: =G13+7 -> 46055 | J13: =I13 -> 46055 | K13: VER10-8953 | L13: 120 | M13: 120 | N13: 4 | O13: Team 5 | P13: =SUM(M13:N13) / Capacity!$B$2 -> 17.714286 | Q13: =SUM(M13:N13)/Capacity!$B$3 -> 15.5 | BH13: X | BK13: X | BL13: X | BM13: X | BN13: X | BO13: X | BR13: X | BS13: X | BT13: X | BU13: X | BV13: X | BY13: X | BZ13: X | CA13: X | CB13: X | CC13: F | DF13: =COUNTIF(R13:DE13,"X") -> 15
B14: Workflow | C14: Funsho | D14: Y | E14: Wed 17 Dec 2025 | F14: 46010 | G14: N/A | H14: 46031 | I14: =H14+7 -> 46038 | J14: =I14 -> 46038 | K14: VER10-9028 | L14: 35 | M14: 35 | N14: 5 | O14: Team 3 | P14: =SUM(M14:N14) / Capacity!$B$2 -> 5.7142857 | Q14: =SUM(M14:N14)/Capacity!$B$3 -> 5 | U14: X | V14: X | W14: X | X14: X | Y14: X | AB14: F | DF14: =COUNTIF(R14:DE14,"X") -> 5
B15: Portfolio/Programme Risk | C15: Funsho | E15: Fri 12 Dec 2025 | F15: 46041 | G15: =F15+7 -> 46048 | H15: N/A | I15: =G15+7 -> 46055 | J15: =I15 -> 46055 | K15: VER10-9494 | L15: 80 | M15: 60 | N15: 5 | O15: Team 3 | P15: =SUM(M15:N15) / Capacity!$B$2 -> 9.2857143 | Q15: =SUM(M15:N15)/Capacity!$B$3 -> 8.125 | BD15: X | BE15: X | BF15: X | BG15: X | BH15: X | BK15: X | BL15: X | BM15: X | BN15: F | DF15: =COUNTIF(R15:DE15,"X") -> 8
B16: Calculators/Cost Models (Chapter 10) | C16: Minas | E16: Thu 18 Dec 2025 | F16: 46015 | G16: N/A | H16: 46031 | I16: =H16+7 -> 46038 | J16: =I16 -> 46038 | K16: No Epic | L16: 20 | M16: 20 | N16: 6 | O16: Team 5 | P16: =SUM(M16:N16) / Capacity!$B$2 -> 3.7142857 | Q16: =SUM(M16:N16)/Capacity!$B$3 -> 3.25 | U16: X | V16: X | W16: X | X16: F | DF16: =COUNTIF(R16:DE16,"X") -> 3
B17: Scenario Analysis (Chapter 7) | C17: Venkatesh? (TBC) | E17: 46027 | F17: =E17+7 -> 46034 | G17: =F17+7 -> 46041 | H17: N/A | I17: =G17+7 -> 46048 | J17: =I17 -> 46048 | K17: VER10-8958 | L17: 140 | M17: 100 | N17: 5 | O17: Team 5 | P17: =SUM(M17:N17) / Capacity!$B$2 -> 15 | Q17: =SUM(M17:N17)/Capacity!$B$3 -> 13.125 | AP17: X | AQ17: X | AR17: X | AS17: X | AT17: X | AW17: X | AX17: X | AY17: X | AZ17: X | BA17: X | BE17: X | BF17: X | BG17: X | BH17: F | DF17: =COUNTIF(R17:DE17,"X") -> 13
B18: Star Rates | C18: Minas? (TBC) | E18: 46045 | F18: 46052 | G18: N/A | H18: 46059 | I18: =H18+7 -> 46066 | J18: =I18 -> 46066 | K18: No Epic | L18: 90 | M18: 60 | O18: Team 2 | P18: =SUM(M18:N18) / Capacity!$B$2 -> 8.5714286 | Q18: =SUM(M18:N18)/Capacity!$B$3 -> 7.5 | AB18: X | AC18: X | AD18: X | AE18: X | AF18: X | AI18: X | AJ18: X | AK18: X | AL18: F | DF18: =COUNTIF(R18:DE18,"X") -> 8
B19: TPE | C19: Venkatesh | E19: 46041 | F19: =E19+7 -> 46048 | G19: =F19+7 -> 46055 | H19: N/A | I19: =G19+7 -> 46062 | J19: =I19 -> 46062 | K19: VER10-9184 | L19: 350 | M19: 215 | N19: 4 | O19: Team 1 and 4 | P19: =SUM(M19:N19) / Capacity!$B$2 -> 31.285714 | Q19: =SUM(M19:N19)/(Capacity!$B$3*2) -> 13.6875 | BN19: X | BO19: X | BR19: X | BS19: X | BT19: X | BU19: X | BV19: X | BY19: X | BZ19: X | CA19: X | CB19: X | CC19: X | CF19: X | CG19: X | CH19: X | CI19: X | CJ19: X | CM19: X | CN19: X | CO19: X | CP19: X | CQ19: F | DF19: =COUNTIF(R19:DE19,"X") -> 21
B20: Dashboards (Power BI) | C20: Minas | E20: 46038 | F20: =E20+7 -> 46045 | G20: =F20+7 -> 46052 | H20: N/A | I20: =G20+7 -> 46059 | J20: =I20 -> 46059 | K20: No Epic | L20: 40 | M20: 40 | N20: 2 | O20: Dashboard Team | P20: =SUM(M20:N20) / Capacity!$B$2 -> 6 | Q20: =SUM(M20:N20)/Capacity!$B$3 -> 5.25 | BD20: X | BE20: X | BF20: X | BG20: X | BH20: X | BK20: F | DF20: =COUNTIF(R20:DE20,"X") -> 5
B21: Contractor Fee Library | C21: Minas | E21: 46031 | F21: 46036 | G21: N/A | H21: 46038 | I21: =H21+7 -> 46045 | J21: =I21 -> 46045 | K21: VER10-9271 | L21: 90 | M21: 80 | N21: 3 | O21: Team 2 | P21: =SUM(M21:N21) / Capacity!$B$2 -> 11.857143 | Q21: =SUM(M21:N21)/Capacity!$B$3 -> 10.375 | AL21: X | AM21: X | AP21: X | AQ21: X | AR21: X | AS21: X | AT21: X | AW21: X | AX21: X | AY21: X | AZ21: F | DF21: =COUNTIF(R21:DE21,"X") -> 10
B22: System Access | C22: Minas | E22: 46052 | F22: N/A | G22: N/A | H22: =E22+7 -> 46059 | I22: =H22+7 -> 46066 | J22: =I22 -> 46066 | K22: No Epic | L22: 40 | M22: 40 | N22: 3 | O22: Team 5 | P22: =SUM(M22:N22) / Capacity!$B$2 -> 6.1428571 | Q22: =SUM(M22:N22)/Capacity!$B$3 -> 5.375 | CC22: X | CF22: X | CG22: X | CH22: X | CI22: X | CJ22: F | DF22: =COUNTIF(R22:DE22,"X") -> 5
B23: Audit Log | C23: Minas | E23: 46031 | F23: =E23+7 -> 46038 | G23: N/A | H23: =F23+7 -> 46045 | I23: 46045 | J23: =I23 -> 46045 | K23: VER10-8955 | L23: 10 | M23: 11 | O23: Team 5 | P23: =SUM(M23:N23) / Capacity!$B$2 -> 1.5714286 | Q23: =SUM(M23:N23)/Capacity!$B$3 -> 1.375 | AL23: X | AM23: F | DF23: =COUNTIF(R23:DE23,"X") -> 1
B24: WBS Tags and Custom Fields | C24: Funsho | E24: Done | F24: Done | G24: Done | H24: Done | I24: Done | J24: Done | K24: VER10-8916, VER10-8268 | L24: Need Estimate | M24: Need Estimate | O24: Team 3 | P24: =SUM(M24:N24) / Capacity!$B$2 -> 0 | Q24: =SUM(M24:N24)/Capacity!$B$3 -> 0 | DF24: =COUNTIF(R24:DE24,"X") -> 0
B25: Reporting Foundation Admin | C25: Funsho | E25: Done | F25: Done | G25: Done | H25: Done | I25: Done | J25: Done | K25: VER10-8476 | L25: 19 | M25: 19 | O25: Team 3 | P25: =SUM(M25:N25) / Capacity!$B$2 -> 2.7142857 | Q25: =SUM(M25:N25)/Capacity!$B$3 -> 2.375 | AB25: X | AC25: X | AD25: F | DF25: =COUNTIF(R25:DE25,"X") -> 2
B26: Inflation | C26: Funsho | E26: Done | F26: Done | G26: Done | H26: Done | I26: Done | J26: Done | K26: VER10-8903, VER10-8570 | L26: 41 | M26: 41 | O26: Team 2 | P26: =SUM(M26:N26) / Capacity!$B$2 -> 5.8571429 | Q26: =SUM(M26:N26)/Capacity!$B$3 -> 5.125 | AZ26: X | BA26: X | BD26: X | BE26: X | BF26: X | BG26: F | DF26: =COUNTIF(R26:DE26,"X") -> 5
P27: =SUM(M27:N27) / Capacity!$B$2 -> 0 | Q27: =SUM(M27:N27)/Capacity!$B$3 -> 0 | DF27: =COUNTIF(R27:DE27,"X") -> 0
B28: AR and O&M fixed reports | E28: Done | F28: Done | G28: Done | H28: Done | I28: Done | J28: Done | K28: VER10-7878, VER10-7879 | L28: 47 | M28: 47 | O28: Team 3 | P28: =SUM(M28:N28) / Capacity!$B$2 -> 6.7142857 | Q28: =SUM(M28:N28)/Capacity!$B$3 -> 5.875 | AP28: X | AQ28: X | AR28: X | AS28: X | AT28: X | AW28: X | AX28: F | DF28: =COUNTIF(R28:DE28,"X") -> 6
B29: CCESS | E29: Done | F29: Done | G29: Done | H29: Done | I29: Done | J29: Done | K29: VER10-6966 | L29: 5 | M29: 5 | O29: Team 3 | P29: =SUM(M29:N29) / Capacity!$B$2 -> 0.71428571 | Q29: =SUM(M29:N29)/Capacity!$B$3 -> 0.625 | AX29: X | AY29: F | DF29: =COUNTIF(R29:DE29,"X") -> 1
L30: =SUM(L3:L29) -> 2139 | M30: =SUM(M3:M29) -> 1768 | N30: =SUM(M3:N29) -> 1838 | P30: =SUM(P3:P29) -> 262.57143 | Q30: =SUM(Q3:Q29) -> 204.5625 | R30: =COUNTIF(R3:R29, "X") -> 0 | S30: =COUNTIF(S3:S29, "X") -> 0 | T30: =COUNTIF(T3:T29, "X") -> 0 | U30: =COUNTIF(U3:U29, "X") -> 2 | V30: =COUNTIF(V3:V29, "X") -> 2 | W30: =COUNTIF(W3:W29, "X") -> 2 | X30: =COUNTIF(X3:X29, "X") -> 1 | Y30: =COUNTIF(Y3:Y29, "X") -> 1 | ... DE30: =COUNTIF(DE3:DE29, "X") -> 0 | DF30: =SUM(DF3:DF29) -> 211

Sheet Capacity
C1: per week | D1: whole team
A2: Required per team per day | B2: 7 | C2: =B2*5 -> 35 | D2: =C2*5 -> 175
A3: Ideal per team per day | B3: 8 | C3: =B3*5 -> 40 | D3: =C3*5 -> 200

Sheet Work Plan - Review SP (WIP)
E1: Design Due Dates
B2: Workstream | C2: Owner | D2: NH upfront clarifcation needed? | E2: PRD (sent to NH for review) | F2: NH Sign Off | G2: VIGO: UI/UX Design | H2: Internal: UI/UX Design | I2: SA (Technical Solution Design) | J2: All Design Activities Due Date | K2: Epics | L2: Story Point Estimate for Dev | N2: Assumed Estimate | O2: Team Days (current 25SP/d)
B3: Estimate Build – Carbon | C3: Venkatesh & Funsho | E3: 46015 | F3: 46021 | G3: 46038 | H3: N/A | I3: =G3+7 -> 46045 | J3: =I3 -> 46045 | K3: VER10-8954, VER10-9428, VER10-9464, VER10-9527, VER10-9523 | L3: 575 | M3: 414 | O3: =SUM(L3:N3) / Capacity!$B$2 -> 141.28571
B4: Interim Forecasting Tool | C4: Venkatesh | E4: 46031 | F4: 46035 | G4: 46043 | H4: N/A | I4: =G4+7 -> 46050 | J4: =I4 -> 46050 | K4: VER10-8678, VER10-8680, VER10-8682, VER10-8858,, VER10-8679, VER10-8921, VER10-9049,, VER10-9128, | L4: 177 | M4: 200 | O4: =SUM(L4:N4) / Capacity!$B$2 -> 53.857143
B5: Long-Term Appraisal | C5: Funsho | E5: Fri 12 Dec 2025 (Done on time) | F5: 46008 | G5: 46037 | H5: N/A | I5: =G5+7 -> 46044 | J5: =I5 -> 46044 | K5: VER10-8565 | L5: 260 | M5: 200 | O5: =SUM(L5:N5) / Capacity!$B$2 -> 65.714286
B6: Comparator | C6: Funsho | D6: Y | E6: 19/12/2025 (Done on time) | F6: 46015 | G6: 46037 | H6: N/A | I6: =G6+7 -> 46044 | J6: =I6 -> 46044 | K6: VER10-8953 | L6: 120 | M6: 120 | O6: =SUM(L6:N6) / Capacity!$B$2 -> 34.285714
B7: Workflow | C7: Funsho | D7: Y | E7: Wed 17 Dec 2025 (1 day delay) | F7: 46010 | G7: N/A | H7: 46031 | I7: =H7+7 -> 46038 | J7: =I7 -> 46038 | K7: VER10-9028 | L7: 35 | M7: 35 | O7: =SUM(L7:N7) / Capacity!$B$2 -> 10
B8: Tasks | C8: Funsho | E8: Wed 17 Dec 2025 (1 day delay) | F8: 46010 | G8: N/A | H8: 46031 | I8: =H8+7 -> 46038 | J8: =I8 -> 46038 | K8: VER10-9027 | L8: 40 | M8: 0 | O8: =SUM(L8:N8) / Capacity!$B$2 -> 5.7142857
B9: Portfolio/Programme Risk | C9: Funsho | E9: Fri 12 Dec 2025 (Done on time) | F9: 46008 | G9: 46044 | H9: N/A | I9: =G9+7 -> 46051 | J9: =I9 -> 46051 | K9: VER10-9494 | L9: 80 | M9: 60 | O9: =SUM(L9:N9) / Capacity!$B$2 -> 20
O10: =SUM(L10:N10) / Capacity!$B$2 -> 0
B11: Calculators/Cost Models (Chapter 10) | C11: Minas | E11: Thu 18 Dec 2025 (Done on time) | F11: 46015 | G11: N/A | H11: 46031 | I11: =H11+7 -> 46038 | J11: =I11 -> 46038 | K11: No Epic | L11: 20 | M11: 20 | O11: =SUM(L11:N11) / Capacity!$B$2 -> 5.7142857
B12: Scenario Analysis (Chapter 7) | C12: Venkatesh? (TBC) | E12: Fri, 13 Feb 2026 | F12: Fri, 20 Feb 2026 | G12: 46051 | H12: N/A | I12: =G12+7 -> 46058 | J12: =I12 -> 46058 | K12: VER10-8958 | L12: 140 | M12: 100 | O12: =SUM(L12:N12) / Capacity!$B$2 -> 34.285714
B13: Star Rates | C13: Minas? (TBC) | E13: 46045 | F13: 46052 | G13: N/A | H13: 46059 | I13: =H13+7 -> 46066 | J13: =I13 -> 46066 | K13: No Epic | L13: 90 | M13: 60 | O13: =SUM(L13:N13) / Capacity!$B$2 -> 21.428571
B14: TPE | C14: Venkatesh | E14: 46045 | F14: 46050 | G14: 46059 | H14: N/A | I14: =G14+7 -> 46066 | J14: =I14 -> 46066 | K14: VER10-9184 | L14: 350 | M14: 160 | O14: =SUM(L14:N14) / Capacity!$B$2 -> 72.857143
B15: Dashboards (Power BI) | C15: Minas | E15: 46015 | F15: 46022 | G15: 46051 | H15: N/A | I15: =G15+7 -> 46058 | J15: =I15 -> 46058 | K15: No Epic | L15: 40 | M15: 40 | O15: =SUM(L15:N15) / Capacity!$B$2 -> 11.428571
B16: Contractor Fee Library | C16: Minas | E16: 46031 | F16: 46036 | G16: N/A | H16: 46038 | I16: =H16+7 -> 46045 | J16: =I16 -> 46045 | K16: VER10-9271 | L16: 90 | M16: 80 | O16: =SUM(L16:N16) / Capacity!$B$2 -> 24.285714
B17: System Access | C17: Minas | E17: 46038 | F17: N/A | G17: N/A | H17: 46038 | I17: =H17+7 -> 46045 | J17: =I17 -> 46045 | K17: No Epic | L17: 40 | M17: 40 | O17: =SUM(L17:N17) / Capacity!$B$2 -> 11.428571
B18: Audit Log | C18: Minas | E18: 46052 | F18: 46059 | G18: N/A | H18: 46066 | I18: ? | K18: VER10-8955 | L18: 10 | M18: 11 | O18: =SUM(L18:N18) / Capacity!$B$2 -> 3
B19: WBS Tags and Custom Fields | C19: Funsho | E19: Done | F19: Done | G19: Done | H19: Done | I19: Done | J19: Done | K19: VER10-8916, VER10-8268 | L19: Need Estimate | M19: Need Estimate | O19: =SUM(L19:N19) / Capacity!$B$2 -> 0
B20: Reporting Foundation Admin | C20: Funsho | E20: Done | F20: Done | G20: Done | H20: Done | I20: Done | J20: Done | K20: VER10-8476 | L20: 19 | M20: 19 | O20: =SUM(L20:N20) / Capacity!$B$2 -> 5.4285714
B21: Inflation | C21: Funsho | E21: Done | F21: Done | G21: Done | H21: Done | I21: Done | J21: Done | K21: VER10-8903, VER10-8570 | L21: 41 | M21: 41 | O21: =SUM(L21:N21) / Capacity!$B$2 -> 11.714286
O22: =SUM(L22:N22) / Capacity!$B$2 -> 0
B23: AR and O&M fixed reports | E23: Done | F23: Done | G23: Done | H23: Done | I23: Done | J23: Done | K23: VER10-7878, VER10-7879 | L23: 47 | M23: 47 | O23: =SUM(L23:N23) / Capacity!$B$2 -> 13.428571
B24: CCESS | E24: Done | F24: Done | G24: Done | H24: Done | I24: Done | J24: Done | K24: VER10-6966 | L24: 5 | M24: 5 | O24: =SUM(L24:N24) / Capacity!$B$2 -> 1.4285714
L25: =SUM(L3:L24) -> 2179 | M25: =SUM(M3:M24) -> 1652 | O25: =SUM(O3:O24) -> 547.28571

Sheet Teams Allocation
C1: # points / week | D1: 46013 | E1: 46020 | F1: 45662 | G1: 45669 | H1: 45676 | I1: 45683 | J1: 45690 | K1: 45697 | L1: 45704 | M1: 45711 | N1: 45718 | O1: 45725 | P1: 45732 | Q1: 45739
B2: Team 1 Venkatesh & Sunjeet (3 devs) | C2: 25 | P2: Regression/UAT | Q2: UAT
B3: Team 2 Minas & Manish (3 devs) | C3: 25
B4: Team 3 Minas & Vivek (2 devs) | C4: 20
B5: Team 4 Venkatesh & Amit (4 devs) | C5: 30
B6: Team 5 Minas & Laurence (2 devs) | C6: 25
B8: TOTAL | C8: =SUM(C2:C6) -> 125
B9: To deliver 1500 points (weeks) | C9: =1500/C8 -> 12
B10: To deliver 1500 points in 9 weeks (SP per week) | C10: =1500/9 -> 166.66667
B11: Team | C11: Epic | D11: Reduced Estimate | E11: # weeks | F11: Dependent On | G11: Extra Weeks
B12: Team 1 Venkatesh & Sunjeet | C12: Carbon (incl EPD, Auto Allocate) | D12: 350 | E12: =D12/$C$2 -> 14 | G12: =SUM(E12:E13)-COUNT($D$1:$O$1) -> 2
B14: Team 2 Minas & Manish | C14: Inflation | D14: 41 | E14: =D14/$C$3 -> 1.64 | G14: =SUM(E14:E18)-COUNT($D$1:$O$1) -> 0.04
C15: LTA | D15: 120 | E15: =D15/$C$3 -> 4.8 | F15: Carbon
C16: Star Rates | D16: 60 | E16: =D16/$C$6 -> 2.4
C17: Contractor Fee Library | D17: 80 | E17: =D17/$C$6 -> 3.2 | F17: IFT?
B19: Team 3 Minas & Vivek | C19: Reporting Foundation Admin | D19: 19 | E19: =D19/$C$4 -> 0.95 | G19: =SUM(E19:E26)-COUNT($D$1:$O$1) -> -1.7
C20: Portfolio/Programme Risk | D20: 60 | E20: =D20/$C$4 -> 3
C21: AR and O&M fixed reports | D21: 47 | E21: =D21/$C$4 -> 2.35 | F21: Carbon & Reporting Foundation Admin
C22: CCESS | D22: 5 | E22: =D22/$C$4 -> 0.25 | F22: Carbon & Reporting Foundation Admin
C23: Carbon Report | D23: ?
C24: Workflow | D24: 35 | E24: =D24/$C$4 -> 1.75
C25: Tasks | D25: 40 | E25: =D25/$C$4 -> 2
B27: Team 4 Venkatesh & Amit | C27: Supply Chain - Interim Forecasting Tool | D27: 177 | E27: =D27/$C$5 -> 5.9 | F27: Carbon | G27: =SUM(E27:E29)-COUNT($D$1:$O$1) -> -0.76666667
C28: TPE | D28: 160 | E28: =D28/$C$5 -> 5.3333333
B30: Team 5 Minas & Laurence | C30: Audit Log | D30: 11 | E30: =D30/$C$6 -> 0.44 | G30: =SUM(E30:E34)-COUNT($D$1:$O$1) -> -1.96
C31: System Access | D31: 40 | E31: =D31/$C$6 -> 1.6
C32: Calculators/Cost Models | D32: 20 | E32: =D32/$C$6 -> 0.8
C33: Comparator | D33: 100 | E33: =D33/$C$3 -> 4
C34: Scenario Analysis | D34: 80 | E34: =D34/$C$3 -> 3.2 | F34: Comparator
B36: Work Streams | D36: Reduced Estimate | E36: Team
B37: Dashboards (Power BI) | D37: 40 | E37: Jonny?
B38: WBS Tags and Custom Fields | D38: Need Estimate | E38: ?

Sheet MVP Meetings
B1: Topic | C1: Owner | D1: Meeting (UK timezone) | E1: Meeting (AU timezone) | F1: Notes
B2: EPD/Cost to Carbon Factor | C2: Venkatesh | D2: Tue 23rd Dec 10PM-11PM | E2: Wed 24th Dec 9AM-10AM | F2: Meeting done
B3: LTA | C3: Minas | D3: Wed 24th Dec 8AM-9:30AM | E3: Wed24th Dec 7PM-8:30PM | F3: Meeting done
B4: TPE & Auto Allocate (Cost & Carbon) | C4: Venkatesh | D4: Sun 28th Dec 10PM-11:30PM | E4: Mon 29th Dec 9AM-10:30AM | F4: Meeting done
B5: Scenario Analysis (Chapter 7) | C5: Minas | D5: Mon 29th Dec 7AM-8:30AM | E5: Mon 29th Dec 6PM-7:30PM
B6: Carbon Reports | C6: Minas
B9: Supply Chain - Interim Forecasting Tool (incl EPD) | C9: Venkatesh | D9: N/A | E9: N/A | F9: Venkatesh needs meeting with NH
B10: Dashboards (Power BI) | C10: Minas
B11: Comparator | C11: Minas
B12: Workflow | C12: Minas
B13: Tasks | C13: Minas
B14: Calculators/Cost Models (Chapter 10) | C14: Minas
B15: Star Rates | C15: Minas
B16: Contractor Fee Library | C16: Minas
D18: UK | E18: AU | F18: Status | G18: Topic
B19: Mark's avail. | D19: Wed 24th Dec UK morning | E19: Wed 24th AU evening | F19: Taken | G19: LTA
D20: Sat 27th Dec 7AM-9AM | E20: Sat 27th Dec 6PM-8PM | F20: X
D21: Sun 28th Dec 7AM-9AM | E21: Sun 28th Dec 6PM-8PM | F21: X
D22: Sun 28th Dec 10PM-11:30PM | E22: Mon 29th Dec 9AM-10:30AM | F22: Taken | G22: TPE & Auto Allocate (Cost & Carbon)
D23: Mon 29th Dec 7AM-9AM | E23: Mon 29th Dec 6PM-8PM | F23: Taken | G23: Scenario Analysis (Chapter 7)
D24: Mon 29th Dec 10PM-11:30PM | E24: Tue 30th Dec 9AM-10:30AM | F24: After MVP deadline (Mon 29th)
D25: Fri 2nd Jan UK morning | E25: Fri 2nd Jan AU evening | F25: After MVP deadline (Mon 29th)
